,sender,receiver,relevanceScore
0,244,20,51
1,244,30,11
2,244,282,81
3,244,221,51
4,244,212,96
5,244,214,73
6,72,33,58
7,72,51,77
8,72,297,40
9,72,266,52
10,72,9,42
11,252,202,22
12,252,47,25
13,252,10,26
14,252,87,5
15,252,125,75
16,252,209,65
17,263,56,13
18,263,32,57
19,263,151,61
20,263,238,25
21,263,84,63
22,263,241,74
23,263,49,62
24,263,51,79
25,263,86,36
26,263,78,29
27,263,103,50
28,263,199,61
29,263,315,96
30,263,42,47
31,263,94,1
32,263,213,90
33,263,9,29
34,263,70,13
35,263,250,65
36,280,78,5
37,280,300,61
38,280,228,55
39,280,239,12
40,280,64,79
41,280,164,13
42,280,39,61
43,280,218,7
44,280,161,5
45,280,154,100
46,280,232,46
47,280,120,31
48,280,294,87
49,12,9,26
50,12,112,1
51,62,2,65
52,62,107,19
53,62,329,35
54,62,114,26
55,62,202,69
56,211,180,88
57,211,25,37
58,211,103,61
59,211,32,50
60,211,82,61
61,211,99,68
62,211,51,85
63,211,149,12
64,211,134,54
65,211,330,12
66,211,38,91
67,211,125,54
68,211,95,49
69,211,299,71
70,248,215,17
71,248,292,63
72,248,264,99
73,248,30,15
74,248,223,61
75,166,149,30
76,166,21,72
77,166,238,5
78,166,49,41
79,166,175,18
80,166,87,9
81,166,25,52
82,321,260,55
83,321,101,97
84,321,108,51
85,321,204,10
86,321,186,58
87,321,199,10
88,321,95,19
89,321,44,77
90,321,145,92
91,327,206,36
92,327,266,5
93,327,124,55
94,186,63,86
95,186,30,35
96,186,242,63
97,186,191,15
98,186,329,15
99,186,272,92
100,186,255,2
101,186,276,79
102,186,182,76
103,186,38,31
104,186,254,91
105,256,158,54
106,256,142,84
107,256,111,85
108,256,219,80
109,256,237,95
110,256,42,63
111,256,265,60
112,256,128,13
113,256,59,77
114,229,153,3
115,229,305,93
116,229,171,33
117,151,149,34
118,151,56,1
119,151,180,41
120,151,21,43
121,151,25,7
122,151,103,29
123,274,174,91
124,274,128,71
125,274,261,61
126,274,78,6
127,274,265,47
128,274,230,17
129,274,155,4
130,274,144,5
131,88,6,89
132,88,205,81
133,88,192,98
134,88,279,51
135,235,192,87
136,165,17,70
137,165,141,7
138,165,325,77
139,165,78,49
140,165,324,5
141,165,16,9
142,165,307,32
143,165,224,73
144,165,306,57
145,165,239,72
146,165,154,91
147,119,105,17
148,119,22,34
149,63,91,25
150,63,260,24
151,63,54,2
152,306,184,93
153,306,39,22
154,306,78,42
155,306,324,66
156,306,307,53
157,306,239,33
158,306,90,66
159,306,224,68
160,306,147,9
161,272,51,84
162,272,187,61
163,272,83,7
164,272,9,4
165,272,146,25
166,272,125,6
167,272,109,81
168,325,16,88
169,325,17,68
170,325,147,66
171,325,232,69
172,325,228,28
173,325,120,8
174,325,141,75
175,90,39,10
176,90,239,53
177,90,113,72
178,90,215,74
179,90,161,26
180,90,224,72
181,90,164,93
182,90,184,30
183,103,32,8
184,103,75,52
185,103,145,84
186,103,70,86
187,103,146,32
188,103,241,31
189,144,26,35
190,144,265,91
191,144,261,86
192,144,142,9
193,144,237,44
194,144,18,40
195,144,33,50
196,144,200,87
197,144,219,42
198,144,102,32
199,144,42,44
200,144,230,42
201,164,78,37
202,164,184,91
203,164,120,15
204,164,239,52
205,164,178,80
206,70,32,45
207,70,99,49
208,70,146,5
209,70,87,16
210,70,265,3
211,70,34,81
212,70,56,63
213,70,189,93
214,70,95,64
215,70,267,6
216,70,125,71
217,70,49,20
218,70,21,90
219,224,16,37
220,224,161,45
221,224,218,100
222,224,64,22
223,224,141,98
224,224,307,20
225,78,33,16
226,78,66,92
227,78,324,73
228,78,120,93
229,78,59,65
230,78,228,8
231,78,193,44
232,78,136,79
233,265,74,82
234,265,18,36
235,265,59,78
236,265,42,18
237,265,26,86
238,265,93,47
239,242,14,5
240,242,148,83
241,242,93,63
242,242,236,9
243,242,1,37
244,287,113,8
245,287,184,6
246,146,49,4
247,146,99,61
248,146,295,38
249,146,2,43
250,146,138,12
251,146,238,71
252,111,59,71
253,111,94,87
254,111,200,98
255,111,315,11
256,111,136,48
257,111,42,28
258,111,74,78
259,91,48,51
260,91,4,7
261,138,96,5
262,138,118,85
263,138,204,60
264,138,238,79
265,138,202,63
266,138,175,27
267,138,46,35
268,238,87,85
269,238,202,46
270,169,115,17
271,169,66,15
272,169,159,15
273,291,82,93
274,291,68,17
275,291,266,65
276,291,100,14
277,96,23,82
278,96,51,74
279,96,150,21
280,82,49,8
281,82,206,14
282,82,81,49
283,82,266,66
284,82,76,76
285,82,196,47
286,82,124,62
287,82,68,50
288,82,101,59
289,82,32,32
290,206,196,73
291,206,208,88
292,206,50,84
293,206,38,2
294,206,33,85
295,206,279,43
296,206,231,56
297,206,1,16
298,316,52,46
299,316,162,87
300,316,160,100
301,279,192,46
302,279,298,31
303,279,208,93
304,279,40,81
305,279,222,97
306,279,205,18
307,200,59,51
308,200,42,46
309,200,102,36
310,200,128,93
311,200,213,86
312,200,158,19
313,200,155,25
314,200,136,82
315,200,261,79
316,208,201,32
317,208,50,19
318,219,33,22
319,219,237,98
320,219,18,88
321,219,261,69
322,219,297,31
323,219,94,54
324,219,324,9
325,329,56,65
326,329,260,45
327,329,4,69
328,329,9,79
329,329,73,69
330,329,145,99
331,155,136,85
332,155,18,10
333,155,222,31
334,155,230,67
335,155,158,24
336,155,93,21
337,315,209,32
338,315,99,32
339,315,293,67
340,315,283,43
341,315,4,53
342,315,94,18
343,315,135,9
344,315,81,62
345,315,175,18
346,315,125,10
347,181,65,53
348,181,202,98
349,181,83,31
350,93,26,36
351,93,94,84
352,93,77,78
353,93,42,96
354,93,128,8
355,281,8,98
356,281,261,34
357,281,176,64
358,54,6,54
359,54,89,53
360,54,40,63
361,54,52,62
362,54,260,53
363,54,271,65
364,54,34,42
365,202,51,51
366,202,318,19
367,202,9,2
368,202,81,55
369,202,150,87
370,202,277,38
371,202,108,53
372,202,330,41
373,202,253,58
374,202,271,2
375,202,23,15
376,202,85,92
377,202,153,26
378,275,204,18
379,275,213,16
380,275,196,14
381,161,147,1
382,161,324,22
383,161,141,89
384,161,16,58
385,161,64,38
386,142,26,81
387,142,230,92
388,184,178,42
389,184,113,15
390,184,16,32
391,184,17,31
392,210,105,15
393,210,233,70
394,210,109,10
395,294,216,81
396,294,324,56
397,294,232,10
398,294,254,73
399,294,120,25
400,294,154,12
401,294,228,10
402,294,278,30
403,191,328,68
404,191,226,93
405,191,320,74
406,191,309,69
407,300,113,12
408,300,228,73
409,300,307,59
410,300,16,8
411,137,69,18
412,137,227,63
413,137,240,28
414,137,60,81
415,251,33,45
416,251,19,24
417,297,21,41
418,297,19,82
419,297,190,3
420,270,328,14
421,261,74,74
422,261,213,63
423,204,68,1
424,204,260,31
425,204,46,81
426,204,33,35
427,227,217,6
428,227,77,71
429,99,32,65
430,99,108,48
431,99,189,38
432,99,43,87
433,99,295,81
434,99,56,60
435,95,2,92
436,95,180,13
437,95,125,83
438,95,241,69
439,95,21,91
440,95,175,57
441,95,32,2
442,95,51,92
443,264,154,46
444,264,322,72
445,264,312,29
446,109,33,14
447,109,190,35
448,109,318,96
449,303,35,12
450,209,150,99
451,209,75,67
452,209,118,58
453,209,58,30
454,239,307,40
455,239,64,4
456,266,100,82
457,266,124,77
458,87,125,94
459,87,75,85
460,87,108,66
461,87,253,84
462,87,189,38
463,87,110,90
464,87,175,95
465,87,97,88
466,318,124,57
467,318,201,79
468,318,171,27
469,292,322,48
470,94,135,71
471,94,33,91
472,94,136,94
473,94,174,27
474,94,158,34
475,236,22,97
476,236,240,15
477,236,217,32
478,236,310,63
479,323,296,97
480,323,21,18
481,323,314,39
482,323,304,76
483,179,69,55
484,328,48,35
485,309,288,66
486,212,30,68
487,107,118,31
488,312,159,77
489,312,133,79
490,173,31,58
491,230,174,38
492,83,20,38
493,83,98,41
494,83,125,19
495,83,241,47
496,180,108,73
497,180,75,37
498,180,250,88
499,180,2,97
500,174,42,99
501,174,237,34
502,174,26,64
503,174,269,89
504,174,59,89
505,283,156,8
506,283,71,97
507,254,11,19
508,254,61,34
509,254,262,50
510,254,289,5
511,254,39,8
512,240,168,5
513,240,69,32
514,222,237,44
515,222,158,18
516,260,86,15
517,260,97,46
518,260,271,28
519,101,49,70
520,101,21,13
521,101,10,21
522,101,196,99
523,307,66,22
524,307,16,12
525,307,39,67
526,77,58,77
527,77,188,22
528,324,64,6
529,324,141,47
530,324,120,13
531,324,154,18
532,118,27,43
533,118,46,35
534,118,85,47
535,118,51,9
536,118,175,32
537,145,51,74
538,145,2,67
539,145,56,60
540,145,25,58
541,125,134,50
542,125,32,77
543,125,56,25
544,231,76,1
545,34,134,25
546,293,278,26
547,176,50,46
548,218,17,94
549,218,39,79
550,237,59,45
551,237,33,27
552,237,128,85
553,298,162,24
554,298,205,80
555,298,38,81
556,282,258,96
557,147,66,20
558,147,39,90
559,147,232,34
560,147,178,60
561,147,120,82
562,217,188,66
563,158,26,50
564,158,59,2
565,89,92,39
566,89,52,72
567,112,55,19
568,24,21,25
569,24,105,49
570,216,11,55
571,216,129,42
572,216,289,45
573,49,2,50
574,49,149,63
575,49,189,44
576,49,134,9
577,49,68,11
578,192,80,84
579,289,278,47
580,196,124,96
581,196,100,51
582,80,52,14
583,80,177,48
584,80,6,96
585,80,92,94
586,80,162,53
587,81,4,97
588,81,153,50
589,86,38,24
590,86,51,89
591,136,128,2
592,332,159,84
593,332,22,73
594,154,141,48
595,154,120,4
596,108,150,85
597,301,278,19
598,301,61,21
599,37,15,87
600,37,60,37
601,37,44,96
602,38,9,36
603,38,92,70
604,38,20,48
605,38,2,84
606,113,228,51
607,113,120,12
608,314,290,83
609,314,302,21
610,23,9,51
611,262,193,17
612,262,61,86
613,149,56,73
614,277,271,65
615,277,117,93
616,277,114,98
617,288,4,53
618,288,276,27
619,288,35,10
620,120,39,86
621,120,16,72
622,201,33,6
623,201,50,100
624,201,124,84
625,177,68,22
626,48,2,70
627,271,47,33
628,317,304,48
629,132,276,74
630,193,141,64
631,26,18,82
632,26,135,75
633,135,33,13
634,135,228,40
635,39,16,62
636,39,17,6
637,39,104,51
638,226,276,15
639,226,313,15
640,190,50,52
641,320,313,6
642,243,223,87
643,232,17,41
644,110,27,67
645,43,131,100
646,207,195,75
647,55,104,17
648,76,10,7
649,76,3,14
650,59,33,58
651,59,128,84
652,59,18,67
653,14,1,88
654,14,148,11
655,126,71,55
656,71,15,34
657,213,42,39
658,148,1,10
659,148,41,70
660,22,8,20
661,22,124,37
662,64,16,29
663,66,17,46
664,228,17,38
665,40,25,40
666,104,74,95
667,221,29,28
668,221,28,48
669,221,326,44
670,221,163,79
671,32,2,31
672,32,56,62
673,188,203,56
674,188,58,29
675,8,21,35
676,8,290,25
677,178,16,46
678,178,17,92
679,199,9,83
680,124,140,63
681,153,114,3
682,153,4,71
683,153,214,11
684,313,29,55
685,20,194,57
686,85,25,96
687,187,33,84
688,16,33,61
689,214,114,54
690,214,245,7
691,133,105,58
692,133,170,50
693,56,25,32
694,250,2,53
695,250,21,80
696,106,5,18
697,106,130,62
698,117,60,65
699,331,308,1
700,20,125,90
701,20,186,65
702,20,193,13
703,20,272,78
704,33,9,45
705,33,18,80
706,33,21,69
707,33,30,42
708,33,42,9
709,33,51,35
710,33,54,36
711,33,74,96
712,33,93,26
713,33,95,46
714,33,111,84
715,33,128,75
716,33,136,28
717,33,142,96
718,33,155,90
719,33,158,84
720,33,174,58
721,33,186,92
722,33,200,92
723,33,213,69
724,33,222,15
725,33,230,36
726,33,256,49
727,33,260,89
728,33,263,14
729,33,265,94
730,33,274,53
731,33,321,35
732,202,21,69
733,202,27,70
734,202,56,15
735,202,73,56
736,202,75,84
737,202,87,12
738,202,96,13
739,202,99,88
740,202,110,80
741,202,114,40
742,202,118,21
743,202,145,98
744,202,175,88
745,202,196,30
746,202,199,14
747,202,209,86
748,202,211,45
749,202,260,91
750,202,263,77
751,202,291,74
752,202,321,85
753,56,2,68
754,56,9,75
755,56,21,76
756,56,38,91
757,56,49,21
758,56,63,1
759,56,66,8
760,56,82,7
761,56,95,7
762,56,103,55
763,56,110,26
764,56,114,54
765,56,118,88
766,56,166,77
767,56,180,10
768,56,181,12
769,56,186,99
770,56,189,6
771,56,211,14
772,56,241,86
773,56,296,38
774,78,16,82
775,78,17,61
776,78,18,47
777,78,26,38
778,78,39,95
779,78,42,19
780,78,90,25
781,78,93,54
782,78,94,5
783,78,111,86
784,78,113,26
785,78,128,62
786,78,135,19
787,78,141,89
788,78,142,73
789,78,144,14
790,78,147,13
791,78,155,29
792,78,158,82
793,78,161,4
794,78,174,41
795,78,178,26
796,78,184,67
797,78,186,6
798,78,200,11
799,78,218,12
800,78,219,17
801,78,224,42
802,78,230,50
803,78,232,86
804,78,237,13
805,78,239,73
806,78,242,41
807,78,256,41
808,78,265,5
809,78,281,58
810,78,307,34
811,78,315,65
812,9,2,27
813,9,4,35
814,9,44,26
815,9,46,27
816,9,51,78
817,9,57,70
818,9,63,78
819,9,73,22
820,9,82,56
821,9,85,58
822,9,95,38
823,9,101,78
824,9,118,40
825,9,145,66
826,9,181,73
827,9,186,40
828,9,204,49
829,9,211,59
830,9,260,89
831,9,311,66
832,9,321,34
833,2,4,35
834,2,10,43
835,2,21,38
836,2,25,46
837,2,51,7
838,2,70,64
839,2,73,11
840,2,75,30
841,2,85,94
842,2,87,40
843,2,99,89
844,2,103,65
845,2,107,42
846,2,125,8
847,2,138,77
848,2,149,2
849,2,151,23
850,2,166,21
851,2,175,64
852,2,181,6
853,2,189,81
854,2,204,9
855,2,209,81
856,2,211,17
857,2,238,13
858,2,241,33
859,2,252,64
860,2,263,9
861,2,272,7
862,2,299,62
863,2,315,55
864,2,328,37
865,180,21,35
866,180,32,23
867,180,49,1
868,180,70,47
869,180,87,99
870,180,99,55
871,180,125,29
872,180,134,76
873,180,138,24
874,180,145,86
875,180,146,67
876,180,149,88
877,180,241,4
878,180,252,73
879,180,263,41
880,180,295,68
881,180,330,7
882,215,55,60
883,215,186,30
884,215,195,13
885,215,264,11
886,215,290,42
887,215,322,85
888,215,323,34
889,149,53,71
890,149,70,92
891,149,99,17
892,149,103,79
893,149,125,8
894,149,134,82
895,149,135,93
896,149,146,34
897,149,263,10
898,260,38,10
899,260,46,40
900,260,51,51
901,260,72,64
902,260,85,42
903,260,87,10
904,260,95,18
905,260,109,83
906,260,135,52
907,260,256,50
908,260,263,59
909,260,272,19
910,260,291,99
911,260,318,99
912,206,10,24
913,206,14,99
914,206,68,15
915,206,100,36
916,206,109,58
917,206,124,73
918,206,148,99
919,206,187,57
920,206,201,60
921,206,242,51
922,206,266,52
923,206,272,39
924,206,291,34
925,206,318,91
926,63,51,85
927,63,72,88
928,63,321,10
929,158,18,17
930,158,42,80
931,158,74,19
932,158,93,28
933,158,111,71
934,158,128,38
935,158,135,91
936,158,142,38
937,158,144,49
938,158,174,49
939,158,230,60
940,158,237,34
941,158,265,67
942,158,274,89
943,153,10,45
944,153,48,18
945,153,98,18
946,153,99,97
947,153,102,40
948,153,151,5
949,153,186,13
950,153,193,32
951,153,196,16
952,153,211,46
953,153,242,63
954,153,245,13
955,153,259,79
956,153,272,65
957,153,277,27
958,153,282,79
959,153,291,93
960,153,293,22
961,153,296,15
962,153,328,27
963,153,332,67
964,174,70,88
965,174,93,43
966,174,111,41
967,174,128,27
968,174,136,80
969,174,142,77
970,174,144,1
971,174,155,8
972,174,200,86
973,174,256,92
974,174,261,1
975,174,265,15
976,174,281,57
977,6,12,58
978,6,34,17
979,6,52,48
980,6,92,62
981,6,162,93
982,6,205,6
983,6,298,50
984,192,52,39
985,192,54,90
986,192,89,50
987,192,92,76
988,192,160,96
989,192,162,89
990,192,298,26
991,192,316,11
992,17,16,16
993,17,90,7
994,17,120,41
995,17,141,7
996,17,147,21
997,17,154,62
998,17,164,100
999,17,224,5
1000,17,239,1
1001,17,280,68
1002,17,306,78
1003,17,307,24
1004,105,95,62
1005,105,170,27
1006,105,312,70
1007,51,4,67
1008,51,21,57
1009,51,23,29
1010,51,27,67
1011,51,38,24
1012,51,44,11
1013,51,46,87
1014,51,54,42
1015,51,75,49
1016,51,87,10
1017,51,108,18
1018,51,109,11
1019,51,110,96
1020,51,137,76
1021,51,138,88
1022,51,150,84
1023,51,175,70
1024,51,199,37
1025,51,209,83
1026,51,238,46
1027,51,256,23
1028,51,271,76
1029,51,292,58
1030,91,15,25
1031,91,37,83
1032,91,272,2
1033,101,46,14
1034,101,67,83
1035,101,68,7
1036,101,102,67
1037,101,189,58
1038,101,204,53
1039,101,213,29
1040,101,283,96
1041,101,315,47
1042,184,39,87
1043,184,66,91
1044,184,165,37
1045,184,307,92
1046,16,18,27
1047,16,36,27
1048,16,66,18
1049,16,76,73
1050,16,90,59
1051,16,113,49
1052,16,129,55
1053,16,141,25
1054,16,147,64
1055,16,154,73
1056,16,159,88
1057,16,164,8
1058,16,169,87
1059,16,218,69
1060,16,228,94
1061,16,232,20
1062,16,239,62
1063,16,280,45
1064,16,294,12
1065,16,306,17
1066,16,312,29
1067,16,324,93
1068,187,59,50
1069,187,82,13
1070,187,109,38
1071,187,124,85
1072,187,196,17
1073,187,201,37
1074,187,208,93
1075,187,219,84
1076,187,256,35
1077,39,61,18
1078,39,113,18
1079,39,164,21
1080,39,165,6
1081,39,178,1
1082,39,228,93
1083,39,232,78
1084,39,239,52
1085,39,285,64
1086,39,294,46
1087,39,300,19
1088,39,325,3
1089,32,21,29
1090,32,49,81
1091,32,87,72
1092,32,151,5
1093,32,181,73
1094,32,189,30
1095,32,250,80
1096,32,330,25
1097,26,42,1
1098,26,59,70
1099,26,68,80
1100,26,74,23
1101,26,94,95
1102,26,111,5
1103,26,136,84
1104,26,155,47
1105,26,200,55
1106,26,230,8
1107,26,237,19
1108,26,256,34
1109,26,274,72
1110,142,18,75
1111,142,42,41
1112,142,59,65
1113,142,74,36
1114,142,93,49
1115,142,94,54
1116,142,111,93
1117,142,128,42
1118,142,136,43
1119,142,155,13
1120,142,200,91
1121,142,219,14
1122,142,222,25
1123,142,237,98
1124,142,265,85
1125,142,274,30
1126,74,18,74
1127,74,59,76
1128,74,93,82
1129,74,128,22
1130,74,135,44
1131,74,144,67
1132,74,146,28
1133,74,175,1
1134,74,213,72
1135,74,219,96
1136,74,230,76
1137,74,256,33
1138,14,115,46
1139,25,38,43
1140,25,49,53
1141,25,83,47
1142,25,95,98
1143,25,99,36
1144,25,103,46
1145,25,125,96
1146,25,188,16
1147,25,241,47
1148,25,242,41
1149,25,250,55
1150,25,263,18
1151,25,295,88
1152,25,321,31
1153,25,328,90
1154,113,64,90
1155,113,66,14
1156,113,141,90
1157,113,147,46
1158,113,161,45
1159,113,178,63
1160,113,218,37
1161,113,224,41
1162,113,232,8
1163,113,239,28
1164,113,254,3
1165,113,280,32
1166,113,294,31
1167,113,306,68
1168,113,307,40
1169,113,325,3
1170,49,10,59
1171,49,21,11
1172,49,34,94
1173,49,38,72
1174,49,46,8
1175,49,95,93
1176,49,99,85
1177,49,103,10
1178,49,108,51
1179,49,125,39
1180,49,145,59
1181,49,151,90
1182,49,181,24
1183,49,209,57
1184,49,211,13
1185,49,241,78
1186,49,250,7
1187,49,252,24
1188,59,42,8
1189,59,93,99
1190,59,94,93
1191,59,136,48
1192,59,144,88
1193,59,146,91
1194,59,155,94
1195,59,219,73
1196,59,230,17
1197,59,274,54
1198,30,100,49
1199,30,152,55
1200,30,194,21
1201,30,282,38
1202,48,15,56
1203,48,114,85
1204,96,75,89
1205,96,87,6
1206,96,97,8
1207,96,108,13
1208,96,118,31
1209,96,175,93
1210,96,199,63
1211,87,21,51
1212,87,23,62
1213,87,38,31
1214,87,46,3
1215,87,95,17
1216,87,99,94
1217,87,103,67
1218,87,138,80
1219,87,146,55
1220,87,150,27
1221,87,181,53
1222,87,199,71
1223,87,209,45
1224,87,211,53
1225,87,263,83
1226,87,299,62
1227,87,330,8
1228,115,19,38
1229,115,271,30
1230,115,310,37
1231,75,99,11
1232,75,108,62
1233,75,138,12
1234,75,150,2
1235,75,175,77
1236,75,211,36
1237,75,238,82
1238,75,252,68
1239,75,263,51
1240,75,330,62
1241,94,18,73
1242,94,42,28
1243,94,104,57
1244,94,128,97
1245,94,144,88
1246,94,155,29
1247,94,188,14
1248,94,200,84
1249,94,213,66
1250,94,217,41
1251,94,230,38
1252,94,237,91
1253,94,242,70
1254,94,256,69
1255,94,265,100
1256,94,274,42
1257,82,10,66
1258,82,38,43
1259,82,50,10
1260,82,66,58
1261,82,99,36
1262,82,109,14
1263,82,145,33
1264,82,201,38
1265,82,204,16
1266,82,208,76
1267,82,213,56
1268,82,272,54
1269,82,318,83
1270,82,327,83
1271,23,4,55
1272,23,27,25
1273,23,81,39
1274,23,85,82
1275,23,107,14
1276,23,108,84
1277,23,110,43
1278,23,114,39
1279,23,118,37
1280,23,138,40
1281,23,145,48
1282,23,146,36
1283,23,150,94
1284,23,175,53
1285,23,199,33
1286,23,209,38
1287,23,238,9
1288,23,252,75
1289,23,277,32
1290,52,88,93
1291,52,92,13
1292,52,160,31
1293,52,162,75
1294,52,205,16
1295,52,222,24
1296,52,279,88
1297,52,298,20
1298,128,18,16
1299,128,111,52
1300,128,144,3
1301,128,175,57
1302,128,219,40
1303,128,230,90
1304,128,265,17
1305,99,21,65
1306,99,38,36
1307,99,95,73
1308,99,103,22
1309,99,125,75
1310,99,145,97
1311,99,151,56
1312,99,171,100
1313,99,181,100
1314,99,241,54
1315,99,252,66
1316,99,263,19
1317,99,299,28
1318,99,321,4
1319,99,330,27
1320,162,38,88
1321,162,40,90
1322,162,54,28
1323,162,88,11
1324,162,89,22
1325,162,92,69
1326,162,205,93
1327,162,279,59
1328,151,38,92
1329,151,70,11
1330,151,95,18
1331,151,125,92
1332,151,135,6
1333,151,146,76
1334,151,181,39
1335,151,211,9
1336,151,250,60
1337,151,272,7
1338,186,3,44
1339,186,5,53
1340,186,7,3
1341,186,15,84
1342,186,29,92
1343,186,42,28
1344,186,57,78
1345,186,61,28
1346,186,81,15
1347,186,83,46
1348,186,121,94
1349,186,123,39
1350,186,132,71
1351,186,145,3
1352,186,163,71
1353,186,183,39
1354,186,193,63
1355,186,194,45
1356,186,195,14
1357,186,212,31
1358,186,214,38
1359,186,216,22
1360,186,244,94
1361,186,245,70
1362,186,288,66
1363,186,308,69
1364,186,309,86
1365,186,315,39
1366,186,326,88
1367,186,334,85
1368,47,46,83
1369,47,312,38
1370,201,10,56
1371,201,22,57
1372,201,68,62
1373,201,100,73
1374,201,109,56
1375,201,176,66
1376,201,196,64
1377,201,266,76
1378,201,272,69
1379,201,291,10
1380,201,327,77
1381,238,5,62
1382,238,43,74
1383,238,106,48
1384,238,108,46
1385,238,110,18
1386,238,130,27
1387,238,137,67
1388,238,150,49
1389,238,175,26
1390,238,209,64
1391,238,252,37
1392,136,18,87
1393,136,42,49
1394,136,70,90
1395,136,93,15
1396,136,144,89
1397,136,219,100
1398,136,230,9
1399,136,237,12
1400,136,256,13
1401,136,265,55
1402,136,274,5
1403,209,43,31
1404,209,108,35
1405,209,110,56
1406,209,138,64
1407,209,146,81
1408,209,175,24
1409,209,253,19
1410,209,330,85
1411,65,41,17
1412,8,70,12
1413,8,176,15
1414,8,219,2
1415,8,322,60
1416,18,42,17
1417,18,93,30
1418,18,111,73
1419,18,170,54
1420,18,200,53
1421,18,230,54
1422,18,237,71
1423,18,242,58
1424,18,274,21
1425,18,315,42
1426,204,10,93
1427,204,67,2
1428,204,146,58
1429,204,156,41
1430,204,196,57
1431,204,213,82
1432,204,263,14
1433,204,272,36
1434,204,283,57
1435,147,90,54
1436,147,141,94
1437,147,164,62
1438,147,165,27
1439,147,224,18
1440,147,228,21
1441,147,239,39
1442,147,280,33
1443,147,285,78
1444,147,294,29
1445,147,300,71
1446,147,307,17
1447,178,90,39
1448,178,165,85
1449,178,218,35
1450,178,306,49
1451,178,307,43
1452,178,325,74
1453,84,135,86
1454,216,3,54
1455,216,61,76
1456,216,183,47
1457,216,254,84
1458,216,262,96
1459,216,278,61
1460,216,293,99
1461,280,66,94
1462,280,141,67
1463,280,165,79
1464,280,224,58
1465,280,306,75
1466,280,307,52
1467,280,324,40
1468,280,325,71
1469,69,57,53
1470,69,58,96
1471,69,173,11
1472,69,188,8
1473,69,227,45
1474,69,236,10
1475,161,120,99
1476,161,154,16
1477,161,155,80
1478,161,165,79
1479,161,218,83
1480,161,228,79
1481,161,232,55
1482,161,294,89
1483,161,306,19
1484,161,325,2
1485,21,22,24
1486,21,103,14
1487,21,119,10
1488,21,125,75
1489,21,145,74
1490,21,146,31
1491,21,156,12
1492,21,170,62
1493,21,181,24
1494,21,189,49
1495,21,196,27
1496,21,211,82
1497,21,233,92
1498,21,241,84
1499,21,252,17
1500,21,263,99
1501,21,283,84
1502,21,310,25
1503,21,330,77
1504,19,22,54
1505,19,50,22
1506,19,169,24
1507,19,310,7
1508,233,24,35
1509,233,106,90
1510,328,114,52
1511,328,125,80
1512,68,10,63
1513,68,34,99
1514,68,100,100
1515,68,109,12
1516,68,111,44
1517,68,124,39
1518,68,156,8
1519,68,196,19
1520,68,208,91
1521,68,266,9
1522,68,272,89
1523,68,318,65
1524,68,332,61
1525,181,38,78
1526,181,70,88
1527,181,73,9
1528,181,95,5
1529,181,103,100
1530,181,125,62
1531,181,145,24
1532,181,166,88
1533,181,189,55
1534,181,211,77
1535,181,263,50
1536,181,329,88
1537,217,58,61
1538,217,77,44
1539,217,80,17
1540,217,93,37
1541,217,130,21
1542,217,179,18
1543,217,203,41
1544,217,240,71
1545,70,64,59
1546,70,134,25
1547,70,145,80
1548,70,166,99
1549,70,211,32
1550,70,241,78
1551,70,250,16
1552,70,252,9
1553,70,281,27
1554,70,295,13
1555,261,104,67
1556,261,135,41
1557,261,263,64
1558,261,265,46
1559,261,315,17
1560,218,90,87
1561,218,164,77
1562,218,165,64
1563,218,228,37
1564,218,306,84
1565,218,325,54
1566,154,72,6
1567,154,228,36
1568,154,322,62
1569,154,325,40
1570,241,38,7
1571,241,98,7
1572,241,125,92
1573,241,175,90
1574,241,211,88
1575,241,250,44
1576,241,295,16
1577,35,28,67
1578,35,163,11
1579,35,221,28
1580,35,244,87
1581,35,326,45
1582,150,95,27
1583,150,110,74
1584,150,118,89
1585,150,138,100
1586,150,146,46
1587,150,166,52
1588,150,175,83
1589,150,253,8
1590,150,330,39
1591,90,120,95
1592,90,124,43
1593,90,159,72
1594,90,165,70
1595,90,219,41
1596,90,232,54
1597,90,294,45
1598,90,307,60
1599,100,109,35
1600,100,208,60
1601,100,272,58
1602,100,318,50
1603,196,10,18
1604,196,50,73
1605,196,109,86
1606,196,208,64
1607,196,213,91
1608,196,266,80
1609,196,272,78
1610,196,291,81
1611,196,318,65
1612,196,327,38
1613,248,234,39
1614,248,290,50
1615,248,293,71
1616,248,314,67
1617,93,111,76
1618,93,135,18
1619,93,144,69
1620,93,188,80
1621,93,200,87
1622,93,203,78
1623,93,227,81
1624,93,230,47
1625,93,237,9
1626,93,256,49
1627,93,274,72
1628,118,36,48
1629,118,95,26
1630,118,110,62
1631,22,10,49
1632,22,109,36
1633,22,156,94
1634,22,189,68
1635,22,283,91
1636,22,286,22
1637,22,292,79
1638,296,293,79
1639,296,322,44
1640,266,50,90
1641,266,109,56
1642,266,208,28
1643,266,272,53
1644,266,288,10
1645,266,318,99
1646,288,7,18
1647,288,15,68
1648,288,28,42
1649,288,29,90
1650,288,221,75
1651,288,313,35
1652,288,320,57
1653,164,34,73
1654,164,66,100
1655,164,165,14
1656,164,228,13
1657,164,232,24
1658,164,306,48
1659,164,307,30
1660,164,325,12
1661,62,4,97
1662,62,81,19
1663,62,103,14
1664,62,116,34
1665,111,144,89
1666,111,155,43
1667,111,219,46
1668,111,230,35
1669,111,237,29
1670,111,265,15
1671,111,274,73
1672,159,10,18
1673,159,54,39
1674,159,66,66
1675,159,76,57
1676,159,124,83
1677,31,168,57
1678,31,203,68
1679,120,3,37
1680,120,61,62
1681,120,64,10
1682,120,66,50
1683,120,141,66
1684,120,165,74
1685,120,224,92
1686,120,228,61
1687,120,232,85
1688,120,239,59
1689,120,262,100
1690,120,278,4
1691,120,285,52
1692,120,301,13
1693,120,306,73
1694,95,38,91
1695,95,83,42
1696,95,98,94
1697,95,103,63
1698,95,138,58
1699,95,146,38
1700,95,189,16
1701,95,199,7
1702,95,263,53
1703,95,272,73
1704,66,110,24
1705,66,165,99
1706,66,224,2
1707,66,228,7
1708,66,232,99
1709,4,34,99
1710,4,44,35
1711,4,60,72
1712,4,85,8
1713,4,107,89
1714,4,116,34
1715,4,145,89
1716,4,321,93
1717,42,135,22
1718,42,155,5
1719,42,191,3
1720,42,219,19
1721,42,225,75
1722,42,230,79
1723,42,237,26
1724,42,242,92
1725,42,244,13
1726,42,272,8
1727,42,274,8
1728,42,283,2
1729,42,315,10
1730,228,141,97
1731,228,165,45
1732,228,224,74
1733,228,232,93
1734,228,239,88
1735,228,306,78
1736,228,307,100
1737,228,324,62
1738,156,10,31
1739,156,67,28
1740,108,110,21
1741,108,138,31
1742,108,175,29
1743,108,199,78
1744,108,243,51
1745,108,252,48
1746,108,253,16
1747,108,299,12
1748,108,330,42
1749,11,3,94
1750,11,61,64
1751,11,262,45
1752,11,294,96
1753,11,301,88
1754,168,58,29
1755,168,173,31
1756,168,236,79
1757,155,46,68
1758,155,144,1
1759,155,237,24
1760,155,256,1
1761,155,265,56
1762,141,232,19
1763,141,294,27
1764,141,300,68
1765,141,307,66
1766,81,37,14
1767,81,114,39
1768,81,198,44
1769,81,214,80
1770,81,244,80
1771,81,272,41
1772,81,277,9
1773,191,29,28
1774,191,255,93
1775,191,313,51
1776,64,165,71
1777,64,232,73
1778,64,306,67
1779,102,46,75
1780,102,138,7
1781,50,10,43
1782,50,72,33
1783,50,109,4
1784,50,124,45
1785,50,272,11
1786,50,291,30
1787,50,310,58
1788,50,318,68
1789,50,327,77
1790,107,85,59
1791,107,116,66
1792,107,145,10
1793,103,125,15
1794,103,189,8
1795,103,271,46
1796,103,295,69
1797,76,169,65
1798,138,110,27
1799,138,166,70
1800,138,211,77
1801,138,252,60
1802,138,253,8
1803,138,330,62
1804,300,165,2
1805,300,224,15
1806,300,232,79
1807,300,325,45
1808,236,58,50
1809,236,77,10
1810,236,137,100
1811,236,173,35
1812,236,179,99
1813,236,188,49
1814,236,220,88
1815,236,227,4
1816,239,224,43
1817,239,294,58
1818,239,324,52
1819,315,46,82
1820,315,83,22
1821,315,144,5
1822,315,145,10
1823,315,230,19
1824,315,256,100
1825,315,265,57
1826,315,272,25
1827,315,274,73
1828,222,40,33
1829,222,88,97
1830,222,200,50
1831,222,205,62
1832,222,263,18
1833,222,272,18
1834,222,298,31
1835,244,28,46
1836,244,123,100
1837,244,132,85
1838,244,194,97
1839,244,303,46
1840,244,329,62
1841,219,104,18
1842,219,135,76
1843,219,175,34
1844,219,213,58
1845,219,230,27
1846,219,242,21
1847,219,263,79
1848,219,265,26
1849,219,274,49
1850,219,281,55
1851,188,137,26
1852,188,179,85
1853,188,227,6
1854,188,240,58
1855,188,242,44
1856,199,27,14
1857,199,38,29
1858,199,72,11
1859,199,85,84
1860,199,86,20
1861,199,110,96
1862,199,125,18
1863,199,211,57
1864,199,329,9
1865,92,40,82
1866,92,54,16
1867,92,88,46
1868,92,160,27
1869,92,205,96
1870,92,235,59
1871,92,279,10
1872,92,298,80
1873,92,316,8
1874,55,195,11
1875,55,264,63
1876,165,232,9
1877,165,294,84
1878,54,72,66
1879,54,80,38
1880,54,88,100
1881,54,298,48
1882,125,38,87
1883,125,146,37
1884,125,166,18
1885,125,250,47
1886,125,263,21
1887,125,295,30
1888,83,38,74
1889,83,40,77
1890,83,79,22
1891,83,211,40
1892,83,263,77
1893,80,88,31
1894,80,89,16
1895,80,205,4
1896,80,316,11
1897,124,1,84
1898,124,10,32
1899,124,109,6
1900,124,208,19
1901,124,272,35
1902,278,3,57
1903,278,61,17
1904,278,254,85
1905,278,262,96
1906,278,322,1
1907,278,323,41
1908,213,104,11
1909,213,135,9
1910,213,267,18
1911,148,176,55
1912,148,198,23
1913,38,10,64
1914,38,40,2
1915,38,46,78
1916,38,72,58
1917,38,98,44
1918,38,109,46
1919,38,145,59
1920,38,263,52
1921,38,272,9
1922,38,279,55
1923,38,316,32
1924,144,256,34
1925,144,281,90
1926,166,110,67
1927,166,134,81
1928,166,146,21
1929,166,263,44
1930,58,137,39
1931,58,173,89
1932,58,220,62
1933,58,227,64
1934,58,240,9
1935,205,40,60
1936,205,198,98
1937,290,223,53
1938,290,234,9
1939,290,292,94
1940,290,297,99
1941,61,3,86
1942,61,294,43
1943,193,3,7
1944,193,232,32
1945,193,268,20
1946,193,309,64
1947,72,109,60
1948,72,119,63
1949,72,190,96
1950,72,208,61
1951,72,271,78
1952,72,312,69
1953,72,321,23
1954,60,44,94
1955,60,71,59
1956,60,126,88
1957,60,172,60
1958,34,112,74
1959,34,114,83
1960,34,194,5
1961,34,211,53
1962,10,109,39
1963,10,169,94
1964,10,272,38
1965,10,275,14
1966,10,312,19
1967,10,321,60
1968,10,332,87
1969,279,112,70
1970,279,198,35
1971,46,67,73
1972,46,97,2
1973,46,109,99
1974,46,263,6
1975,46,283,13
1976,46,318,13
1977,46,321,13
1978,137,44,82
1979,137,77,35
1980,137,173,71
1981,294,224,71
1982,294,262,97
1983,294,301,21
1984,294,306,73
1985,323,167,30
1986,323,195,74
1987,323,292,96
1988,323,293,59
1989,323,322,18
1990,304,257,23
1991,232,203,96
1992,232,224,63
1993,232,307,34
1994,73,85,11
1995,176,1,54
1996,176,104,81
1997,176,198,26
1998,176,242,15
1999,176,287,22
2000,276,29,98
2001,276,255,7
2002,276,309,10
2003,276,313,48
2004,86,318,30
2005,265,104,3
2006,265,135,19
2007,265,200,77
2008,265,230,37
2009,265,237,87
2010,265,263,68
2011,265,281,29
2012,265,312,87
2013,237,200,52
2014,237,230,75
2015,237,263,6
2016,237,274,94
2017,223,131,63
2018,223,167,48
2019,223,234,52
2020,223,302,35
2021,223,314,62
2022,271,140,62
2023,195,264,70
2024,195,293,75
2025,195,322,40
2026,117,197,28
2027,44,126,37
2028,88,40,40
2029,88,89,73
2030,88,160,88
2031,88,235,60
2032,88,298,53
2033,88,316,37
2034,208,109,94
2035,208,272,44
2036,208,318,9
2037,146,110,63
2038,146,135,23
2039,146,211,20
2040,146,250,100
2041,146,263,91
2042,104,12,62
2043,104,106,5
2044,104,112,60
2045,104,135,15
2046,104,242,11
2047,230,200,2
2048,230,256,56
2049,1,41,13
2050,1,198,89
2051,145,85,1
2052,145,189,76
2053,145,211,55
2054,145,263,61
2055,71,37,67
2056,71,316,10
2057,129,183,68
2058,283,67,14
2059,200,256,69
2060,200,274,45
2061,221,303,27
2062,256,274,20
2063,256,281,95
2064,29,7,82
2065,29,255,53
2066,29,277,46
2067,29,309,38
2068,29,320,99
2069,29,326,42
2070,306,325,65
2071,254,3,29
2072,254,264,69
2073,254,301,21
2074,77,203,59
2075,77,240,69
2076,77,287,1
2077,109,263,64
2078,109,291,82
2079,109,321,94
2080,109,327,21
2081,109,332,97
2082,263,40,73
2083,263,79,29
2084,263,98,17
2085,263,134,88
2086,263,135,54
2087,263,189,53
2088,263,211,33
2089,263,252,48
2090,263,272,23
2091,263,295,13
2092,263,321,77
2093,263,330,63
2094,264,293,53
2095,28,163,19
2096,28,303,81
2097,28,326,33
2098,212,152,57
2099,212,258,99
2100,212,282,76
2101,40,298,69
2102,85,272,29
2103,85,277,87
2104,85,321,29
2105,114,37,46
2106,114,245,49
2107,282,152,8
2108,302,167,28
2109,24,133,55
2110,24,170,83
2111,224,325,90
2112,134,250,69
2113,211,79,6
2114,211,189,88
2115,211,250,45
2116,211,252,66
2117,211,295,26
2118,211,321,29
2119,211,329,26
2120,133,57,1
2121,133,119,77
2122,133,210,23
2123,5,130,17
2124,313,255,34
2125,313,309,28
2126,214,329,21
2127,135,12,33
2128,135,112,85
2129,135,242,100
2130,135,251,6
2131,160,89,39
2132,160,235,18
2133,41,194,79
2134,12,242,95
2135,12,251,62
2136,175,110,27
2137,175,253,41
2138,175,281,5
2139,175,330,59
2140,163,326,35
2141,3,152,87
2142,3,194,87
2143,3,262,22
2144,3,289,56
2145,250,295,90
